GROUP,PACKAGE,CLASS,INSTRUCTION_MISSED,INSTRUCTION_COVERED,BRANCH_MISSED,BRANCH_COVERED,LINE_MISSED,LINE_COVERED,COMPLEXITY_MISSED,COMPLEXITY_COVERED,METHOD_MISSED,METHOD_COVERED
reimbursement,com.web.util,SessionController,21,0,0,0,7,0,4,0,4,0
reimbursement,com.web.util,ConnectionUtil,11,27,0,2,2,10,1,3,1,2
reimbursement,com.web.repo,VerboseReimbursementDao,3,0,0,0,1,0,1,0,1,0
reimbursement,com.web.repo,ReimbursementDao,655,153,80,6,96,42,48,8,5,8
reimbursement,com.web.repo,UserDao,380,123,49,5,57,34,31,7,4,7
reimbursement,com.web.controller,ReimbursementController,323,0,2,0,91,0,12,0,11,0
reimbursement,com.web.controller,UserController,93,0,0,0,26,0,5,0,5,0
reimbursement,com.web.service,ReimbursementService,71,0,2,0,18,0,11,0,10,0
reimbursement,com.web.service,UserService,39,0,2,0,11,0,6,0,5,0
reimbursement,com.web.servlet,DataServlet,17,0,0,0,5,0,3,0,3,0
reimbursement,com.web.servlet,ViewServlet,29,0,0,0,10,0,4,0,4,0
reimbursement,com.web.servlet,RequestForwarder,148,0,38,0,26,0,27,0,3,0
reimbursement,com.web.model,Reimbursement,162,0,0,0,47,0,23,0,23,0
reimbursement,com.web.model,UserDTO,121,26,0,0,33,11,17,3,17,3
reimbursement,com.web.model,ReimbursementDTO,228,18,0,0,67,7,32,1,32,1
reimbursement,com.web.model,ReimbursementStatus,42,0,0,0,13,0,7,0,7,0
reimbursement,com.web.model,ReimbursementType,42,0,0,0,13,0,7,0,7,0
reimbursement,com.web.model,User,117,0,0,0,34,0,17,0,17,0
reimbursement,com.web.model,UserRole,42,0,0,0,13,0,7,0,7,0
